{"cameraMode":{"drawMode":0,"name":"Shaded","section":"Shading Mode"},"sceneLighting":true,"audioPlay":false,"sceneViewState":{"m_AlwaysRefresh":false,"showFog":true,"showSkybox":true,"showFlares":true,"showImageEffects":true,"showParticleSystems":true,"showVisualEffectGraphs":true,"m_FxEnabled":true},"in2DMode":false,"pivot":{"x":2.8627071380615236,"y":-0.13804340362548829,"z":-7.683784008026123},"rotation":{"x":-0.05651571974158287,"y":0.5501845479011536,"z":-0.03737936541438103,"w":-0.8323060870170593},"size":11.47331714630127,"orthographic":false}