{"cameraMode":{"drawMode":0,"name":"Shaded","section":"Shading Mode"},"sceneLighting":true,"audioPlay":false,"sceneViewState":{"m_AlwaysRefresh":false,"showFog":true,"showSkybox":true,"showFlares":true,"showImageEffects":true,"showParticleSystems":true,"showVisualEffectGraphs":true,"m_FxEnabled":true},"in2DMode":false,"pivot":{"x":-2.8630971908569338,"y":0.12520349025726319,"z":-12.080045700073243},"rotation":{"x":-0.09147665649652481,"y":0.34835100173950198,"z":-0.034181538969278339,"w":-0.9322646260261536},"size":6.30307674407959,"orthographic":false}