{"cameraMode":{"drawMode":0,"name":"Shaded","section":"Shading Mode"},"sceneLighting":false,"audioPlay":false,"sceneViewState":{"m_AlwaysRefresh":false,"showFog":true,"showSkybox":false,"showFlares":true,"showImageEffects":true,"showParticleSystems":true,"showVisualEffectGraphs":true,"m_FxEnabled":true},"in2DMode":false,"pivot":{"x":-0.10040950775146485,"y":0.033211708068847659,"z":-0.038360595703125},"rotation":{"x":-0.21169674396514893,"y":0.0005823237006552517,"z":-0.00012675939069595188,"w":-0.9773379564285278},"size":7.388720989227295,"orthographic":false}