{"cameraMode":{"drawMode":0,"name":"Shaded","section":"Shading Mode"},"sceneLighting":false,"audioPlay":false,"sceneViewState":{"m_AlwaysRefresh":false,"showFog":true,"showSkybox":false,"showFlares":true,"showImageEffects":true,"showParticleSystems":true,"showVisualEffectGraphs":true,"m_FxEnabled":true},"in2DMode":false,"pivot":{"x":0.6760983467102051,"y":-3.8644981384277345,"z":-10.89461898803711},"rotation":{"x":-0.0837525799870491,"y":0.43629521131515505,"z":-0.040829505771398547,"w":-0.8949674963951111},"size":3.0229406356811525,"orthographic":false}